{
	"robot_state": [
		1,
		0,
		1,
		0,
		1,
		0,
		1,
		0,
		1,
		0,
		1,
		0,
		1,
		0
	],
	"time": [
		1.1806690692901611,
		1.7233517169952393,
		4.340769052505493,
		9.24889326095581,
		10.764301061630249,
		14.273378849029541,
		19.27482533454895,
		33.653512954711914,
		34.20286583900452,
		34.69645595550537,
		36.747785806655884,
		37.011860609054565,
		37.987465381622314,
		102.9274091720581
	],
	"position": [
		-1.7894395589828491,
		-1.7894395589828491,
		-1.7894395589828491,
		918.07568359375,
		918.07568359375,
		1014.527587890625,
		1014.527587890625,
		2338.058349609375,
		2338.058349609375,
		2338.058349609375,
		2338.058349609375,
		2338.058349609375,
		2338.058349609375,
		15304.5302734375
	]
}